frame,class,label,confidence,x_center,y_center
0,2,Slow,0.7497144341468811,573,647
1,2,Slow,0.4361909031867981,569,649
2,2,Slow,0.7149136662483215,563,652
3,2,Slow,0.5625585913658142,559,656
3,1,Fast,0.5613674521446228,631,631
4,2,Slow,0.4508773982524872,554,658
5,2,Slow,0.3777303099632263,549,661
6,2,Slow,0.5919824242591858,615,640
6,1,Fast,0.36354559659957886,544,664
7,1,Fast,0.6468672156333923,540,666
8,2,Slow,0.7242037057876587,535,669
9,2,Slow,0.5593551397323608,531,672
9,1,Fast,0.4061158001422882,531,672
9,1,Fast,0.3444178104400635,598,650
10,2,Slow,0.8115355968475342,526,675
10,1,Fast,0.6923174262046814,592,653
11,2,Slow,0.8124971985816956,521,677
12,1,Fast,0.4793958067893982,516,680
13,2,Slow,0.5188323259353638,511,683
14,1,Fast,0.7689873576164246,505,686
15,1,Fast,0.3892413079738617,500,689
15,1,Fast,0.34757083654403687,564,671
16,2,Slow,0.43822211027145386,495,691
16,1,Fast,0.35440075397491455,559,675
17,1,Fast,0.5188580751419067,490,695
17,2,Slow,0.39446401596069336,553,678
18,1,Fast,0.5182961821556091,484,698
18,2,Slow,0.3454776108264923,484,698
19,1,Fast,0.5731059312820435,539,685
19,1,Fast,0.562743067741394,479,701
20,2,Slow,0.6780463457107544,473,704
20,1,Fast,0.6257753968238831,533,689
21,2,Slow,0.5156453847885132,469,707
21,1,Fast,0.43176737427711487,469,707
22,2,Slow,0.7228574752807617,463,710
23,1,Fast,0.8197049498558044,457,714
24,1,Fast,0.7842633724212646,452,717
25,1,Fast,0.7226992249488831,501,708
25,1,Fast,0.6891082525253296,447,720
26,1,Fast,0.37986400723457336,441,723
27,1,Fast,0.7292351722717285,487,717
27,1,Fast,0.5224472880363464,440,723
27,2,Slow,0.3575609624385834,1071,341
28,1,Fast,0.7249718308448792,480,720
28,1,Fast,0.6078740954399109,433,730
28,2,Slow,0.5204586982727051,1070,342
29,1,Fast,0.7604568004608154,473,724
29,1,Fast,0.739261269569397,424,734
30,1,Fast,0.6269250512123108,467,728
30,1,Fast,0.4037330448627472,417,737
30,2,Slow,0.3355838358402252,1067,343
31,1,Fast,0.5798365473747253,410,740
32,1,Fast,0.7054015398025513,400,745
32,1,Fast,0.3154527246952057,438,741
33,1,Fast,0.3987690210342407,397,748
35,2,Slow,0.3969493806362152,385,755
36,1,Fast,0.838990330696106,380,758
36,1,Fast,0.3864615261554718,410,759
37,1,Fast,0.8041661977767944,373,762
37,1,Fast,0.5398357510566711,403,763
38,1,Fast,0.8032741546630859,367,765
39,1,Fast,0.3491281270980835,360,767
64,2,Slow,0.4905659556388855,636,609
70,1,Fast,0.5124242901802063,119,898
71,1,Fast,0.4216901957988739,204,972
71,1,Fast,0.3203194737434387,109,904
72,1,Fast,0.5425428152084351,63,949
72,1,Fast,0.42677927017211914,99,908
72,1,Fast,0.4058113396167755,214,967
73,1,Fast,0.3483874499797821,221,963
75,2,Slow,0.3728487491607666,582,642
81,1,Fast,0.5010206699371338,280,927
82,1,Fast,0.5227456092834473,288,921
83,1,Fast,0.4666353166103363,295,918
84,1,Fast,0.7213919758796692,300,914
85,1,Fast,0.6378635168075562,308,911
85,2,Slow,0.5028011798858643,983,402
85,1,Fast,0.3368241488933563,535,670
86,2,Slow,0.3964408338069916,982,403
86,1,Fast,0.33331912755966187,313,907
88,2,Slow,0.4117482602596283,534,737
88,1,Fast,0.335487961769104,327,899
89,1,Fast,0.46871650218963623,334,895
89,2,Slow,0.3343450129032135,978,406
89,2,Slow,0.3114626407623291,888,456
97,1,Fast,0.7841554284095764,383,865
98,1,Fast,0.3951547145843506,391,861
99,1,Fast,0.7982472777366638,397,857
100,1,Fast,0.55897456407547,402,855
101,1,Fast,0.4405534267425537,409,851
103,1,Fast,0.689132809638977,419,844
104,1,Fast,0.37804460525512695,425,841
107,1,Fast,0.4328751564025879,443,830
108,1,Fast,0.33586153388023376,448,827
110,1,Fast,0.800690770149231,458,820
110,2,Slow,0.41107988357543945,1045,366
112,1,Fast,0.3139415383338928,469,813
113,1,Fast,0.6167802810668945,474,811
114,1,Fast,0.6027817726135254,480,807
115,1,Fast,0.7958070635795593,485,804
117,1,Fast,0.32441356778144836,495,798
125,2,Slow,0.5285648107528687,899,460
125,2,Slow,0.31526103615760803,534,774
126,2,Slow,0.6461144685745239,897,461
127,2,Slow,0.542284369468689,894,463
129,2,Slow,0.6298819780349731,890,466
129,1,Fast,0.45625314116477966,555,761
130,2,Slow,0.7470111846923828,560,759
130,2,Slow,0.6026979684829712,888,467
131,2,Slow,0.5598974823951721,886,468
134,2,Slow,0.34305474162101746,876,475
135,2,Slow,0.5505967736244202,873,477
136,2,Slow,0.773551344871521,49,1038
136,2,Slow,0.5727216601371765,871,478
137,2,Slow,0.771243691444397,869,480
137,1,Fast,0.6794220209121704,61,1031
138,1,Fast,0.8350855708122253,72,1024
138,2,Slow,0.7857115864753723,867,482
138,2,Slow,0.6172555685043335,594,736
139,1,Fast,0.9042831659317017,82,1018
139,2,Slow,0.7483964562416077,864,483
140,1,Fast,0.8585667014122009,93,1012
140,2,Slow,0.6061273813247681,862,485
140,2,Slow,0.5558423399925232,602,731
141,2,Slow,0.7297816276550293,860,487
141,1,Fast,0.6203463077545166,104,1006
141,2,Slow,0.42383548617362976,605,729
142,1,Fast,0.8807973265647888,115,1000
142,2,Slow,0.7981759905815125,856,489
143,1,Fast,0.8007438778877258,125,994
143,2,Slow,0.7535915374755859,852,491
144,1,Fast,0.8726950883865356,136,987
145,1,Fast,0.8748605251312256,147,981
146,1,Fast,0.8703196048736572,158,976
146,2,Slow,0.6396968960762024,843,497
146,1,Fast,0.44249674677848816,36,942
147,1,Fast,0.8853973746299744,169,971
147,2,Slow,0.7800282835960388,841,498
148,1,Fast,0.8656123876571655,178,965
148,2,Slow,0.5989556312561035,839,500
149,1,Fast,0.8681772351264954,188,959
150,1,Fast,0.8743762373924255,198,953
150,2,Slow,0.33696359395980835,833,505
151,1,Fast,0.8720305562019348,207,947
152,1,Fast,0.8885178565979004,217,942
153,1,Fast,0.8918066620826721,227,936
154,1,Fast,0.8323646783828735,236,930
154,2,Slow,0.7486686110496521,821,512
155,1,Fast,0.8814098238945007,246,924
155,2,Slow,0.7991749048233032,817,514
156,1,Fast,0.8768118619918823,255,919
156,2,Slow,0.6637319326400757,814,516
157,1,Fast,0.854913592338562,264,914
157,2,Slow,0.8205230832099915,812,518
158,1,Fast,0.8836299777030945,273,909
158,2,Slow,0.639160692691803,810,520
159,1,Fast,0.8853598833084106,281,904
159,2,Slow,0.3213582932949066,676,684
160,1,Fast,0.715145468711853,290,898
161,1,Fast,0.8499326109886169,300,893
164,1,Fast,0.8207768797874451,325,878
165,1,Fast,0.7720701694488525,333,873
166,1,Fast,0.34001636505126953,341,869
167,1,Fast,0.8472031950950623,349,864
167,2,Slow,0.4883093535900116,777,539
168,1,Fast,0.817650318145752,356,859
168,1,Fast,0.420743465423584,775,541
169,1,Fast,0.7549573183059692,365,855
170,1,Fast,0.8790717124938965,372,851
171,1,Fast,0.8827290534973145,380,847
171,1,Fast,0.4998295307159424,664,598
172,1,Fast,0.8213081955909729,388,842
172,1,Fast,0.7246530055999756,660,600
173,1,Fast,0.8194718360900879,394,838
173,1,Fast,0.3700026273727417,657,602
174,1,Fast,0.8655428886413574,402,834
176,0,VRU,0.3661004602909088,907,459
176,1,Fast,0.32480883598327637,643,610
177,1,Fast,0.8480420708656311,423,821
177,1,Fast,0.5255497097969055,739,563
177,2,Slow,0.501602292060852,640,612
178,1,Fast,0.669750988483429,429,817
178,2,Slow,0.4686049520969391,637,614
179,2,Slow,0.5082297921180725,633,617
179,1,Fast,0.47805026173591614,436,812
181,1,Fast,0.74149090051651,450,805
181,0,VRU,0.5889593362808228,895,468
182,0,VRU,0.7336318492889404,893,470
183,0,VRU,0.7576081156730652,890,472
183,1,Fast,0.6980903148651123,464,797
184,1,Fast,0.7852674126625061,471,793
184,0,VRU,0.757265031337738,887,473
184,2,Slow,0.3092310428619385,14,1060
185,1,Fast,0.7512449026107788,477,789
185,2,Slow,0.6587890982627869,20,1056
185,0,VRU,0.3034451901912689,883,476
186,2,Slow,0.6608904600143433,28,1048
186,2,Slow,0.6382260322570801,705,585
186,0,VRU,0.42977991700172424,880,478
187,2,Slow,0.7865889072418213,36,1043
187,0,VRU,0.617953360080719,489,781
187,0,VRU,0.4645077586174011,878,479
188,2,Slow,0.799771785736084,46,1037
188,2,Slow,0.5948707461357117,697,590
188,0,VRU,0.5001189112663269,873,480
189,2,Slow,0.7705020904541016,695,592
189,0,VRU,0.6916254758834839,871,482
189,2,Slow,0.6656428575515747,591,641
189,2,Slow,0.6072037816047668,58,1030
189,2,Slow,0.5990119576454163,503,773
190,0,VRU,0.7437841892242432,868,484
190,2,Slow,0.5540685057640076,587,643
190,2,Slow,0.35440927743911743,690,595
191,0,VRU,0.7883149981498718,866,486
191,2,Slow,0.6746272444725037,82,1017
192,2,Slow,0.7255265116691589,92,1011
192,2,Slow,0.673835039138794,681,600
192,1,Fast,0.6199798583984375,520,762
192,0,VRU,0.6144484877586365,780,614
192,1,Fast,0.5753251910209656,578,648
192,0,VRU,0.4500454068183899,520,762
192,2,Slow,0.303030401468277,863,487
193,2,Slow,0.803282618522644,677,602
193,0,VRU,0.6557016968727112,782,613
193,2,Slow,0.5289050936698914,102,1004
193,1,Fast,0.5101970434188843,574,650
193,2,Slow,0.39562711119651794,528,758
194,2,Slow,0.7605424523353577,671,606
194,2,Slow,0.603685200214386,113,999
194,2,Slow,0.547155499458313,533,754
194,2,Slow,0.4447932243347168,570,654
194,0,VRU,0.4115754961967468,785,610
194,2,Slow,0.3964603543281555,857,492
194,1,Fast,0.3517466187477112,570,653
195,2,Slow,0.7906203269958496,666,609
195,2,Slow,0.49117419123649597,564,656
195,2,Slow,0.45340269804000854,122,992
195,0,VRU,0.3368949592113495,538,751
196,2,Slow,0.7525790929794312,660,612
196,2,Slow,0.7499002814292908,134,986
196,2,Slow,0.6051680445671082,560,658
197,2,Slow,0.6781983375549316,549,743
197,2,Slow,0.6509749293327332,556,661
197,2,Slow,0.45733365416526794,141,980
198,2,Slow,0.7263016104698181,157,974
198,1,Fast,0.6168244481086731,652,617
198,2,Slow,0.3528367280960083,549,664
198,2,Slow,0.3185133934020996,554,739
199,2,Slow,0.7361235618591309,560,736
199,1,Fast,0.5246194005012512,545,666
199,2,Slow,0.39376378059387207,648,619
200,1,Fast,0.6935710310935974,540,669
200,0,VRU,0.5584798455238342,566,733
200,2,Slow,0.5041083693504333,566,733
200,2,Slow,0.47174641489982605,644,622
201,1,Fast,0.5688628554344177,535,672
202,1,Fast,0.3950617015361786,531,675
202,2,Slow,0.33031952381134033,531,675
203,2,Slow,0.35022345185279846,527,677
204,2,Slow,0.6772833466529846,523,680
204,2,Slow,0.6435023546218872,217,939
204,1,Fast,0.32324135303497314,587,719
204,0,VRU,0.31766560673713684,813,591
205,1,Fast,0.7623263001441956,517,684
205,2,Slow,0.7364813089370728,619,637
205,1,Fast,0.5077899098396301,593,716
206,1,Fast,0.6581606864929199,512,686
206,1,Fast,0.5741602182388306,598,712
206,2,Slow,0.5357223153114319,613,641
206,2,Slow,0.4837236702442169,234,928
206,2,Slow,0.3548724353313446,512,686
207,2,Slow,0.7126049995422363,506,689
207,2,Slow,0.3965114951133728,604,709
207,2,Slow,0.3034007251262665,608,644
208,2,Slow,0.7373997569084167,501,692
208,2,Slow,0.6357190608978271,608,706
208,2,Slow,0.31692272424697876,602,647
209,2,Slow,0.7452046871185303,496,695
209,2,Slow,0.7258570790290833,613,703
209,2,Slow,0.5065525770187378,822,581
209,1,Fast,0.44503381848335266,596,651
209,2,Slow,0.3099675476551056,261,912
210,2,Slow,0.7339915037155151,618,699
210,2,Slow,0.6834888458251953,824,580
210,2,Slow,0.6707392930984497,590,654
210,2,Slow,0.6530417799949646,490,698
211,1,Fast,0.74566650390625,485,701
211,2,Slow,0.7078818082809448,827,578
211,2,Slow,0.4355727732181549,585,656
212,1,Fast,0.5998619794845581,480,703
212,1,Fast,0.5817400813102722,629,693
212,2,Slow,0.5352251529693604,574,659
212,2,Slow,0.3462478518486023,829,576
213,1,Fast,0.7302485108375549,633,691
213,2,Slow,0.6765426397323608,573,662
213,2,Slow,0.5731229186058044,475,706
213,1,Fast,0.4673944115638733,475,706
213,1,Fast,0.3813628852367401,298,891
214,1,Fast,0.7089733481407166,639,687
214,2,Slow,0.4120078980922699,562,665
214,1,Fast,0.38409218192100525,470,710
215,1,Fast,0.8019776344299316,466,713
215,2,Slow,0.7458328604698181,557,668
215,1,Fast,0.7188205718994141,643,684
216,2,Slow,0.7780168652534485,552,673
216,2,Slow,0.4390184283256531,459,716
217,2,Slow,0.8226695656776428,547,677
217,2,Slow,0.6588259935379028,651,679
217,2,Slow,0.30329573154449463,454,719
218,2,Slow,0.8555572628974915,541,680
218,1,Fast,0.6165356636047363,449,722
218,2,Slow,0.4213583767414093,655,676
219,2,Slow,0.8564459681510925,535,683
219,2,Slow,0.6511625647544861,350,862
219,0,VRU,0.5284642577171326,772,546
219,1,Fast,0.43059036135673523,443,725
220,2,Slow,0.8689275979995728,529,687
220,0,VRU,0.47506648302078247,768,548
221,2,Slow,0.8672515153884888,524,690
222,2,Slow,0.88746577501297,517,693
222,0,VRU,0.4336736798286438,853,561
223,2,Slow,0.8690145015716553,512,696
223,0,VRU,0.48583152890205383,855,559
224,2,Slow,0.7912691831588745,505,700
224,0,VRU,0.7132317423820496,859,557
225,0,VRU,0.7481345534324646,861,556
225,2,Slow,0.5303695201873779,501,705
225,2,Slow,0.43902426958084106,747,561
226,0,VRU,0.6451945304870605,862,554
226,2,Slow,0.5353845357894897,743,564
227,2,Slow,0.8259271383285522,488,712
227,0,VRU,0.6600911021232605,864,553
227,2,Slow,0.5605557560920715,739,566
227,2,Slow,0.4231998324394226,410,826
228,2,Slow,0.8692760467529297,481,716
228,0,VRU,0.812242865562439,865,552
228,2,Slow,0.46769022941589355,736,569
229,2,Slow,0.8363852500915527,476,719
229,1,Fast,0.792935311794281,382,758
229,0,VRU,0.7636659145355225,867,550
229,2,Slow,0.5455401539802551,732,571
230,2,Slow,0.8268110752105713,469,722
230,1,Fast,0.8034780621528625,376,761
230,0,VRU,0.7693435549736023,868,548
230,2,Slow,0.3898513615131378,726,573
231,1,Fast,0.7796893119812012,370,765
231,0,VRU,0.645972728729248,870,547
231,2,Slow,0.606945812702179,722,576
231,2,Slow,0.5298475027084351,463,726
232,0,VRU,0.7641239762306213,872,545
232,2,Slow,0.7596897482872009,718,579
232,1,Fast,0.6273788809776306,445,805
232,1,Fast,0.44049182534217834,365,768
232,1,Fast,0.3632637560367584,457,731
233,2,Slow,0.7301154732704163,714,582
233,0,VRU,0.5293826460838318,875,544
233,2,Slow,0.4750193953514099,451,801
234,1,Fast,0.756219744682312,351,775
234,2,Slow,0.7424563765525818,461,796
234,2,Slow,0.7279762029647827,710,585
234,0,VRU,0.4708499312400818,877,542
235,2,Slow,0.6265007257461548,704,588
235,0,VRU,0.4475710690021515,879,540
236,1,Fast,0.758712112903595,338,783
236,2,Slow,0.7519263029098511,700,590
236,2,Slow,0.7252877950668335,473,789
236,0,VRU,0.3038395047187805,882,538
237,2,Slow,0.43257924914360046,481,784
237,0,VRU,0.42280203104019165,884,537
238,0,VRU,0.7753742933273315,887,535
238,2,Slow,0.5346898436546326,486,781
239,0,VRU,0.7941605448722839,889,534
240,0,VRU,0.7885463237762451,892,532
241,0,VRU,0.7272984385490417,892,532
241,0,VRU,0.5635970830917358,679,603
242,0,VRU,0.7076255679130554,894,531
243,0,VRU,0.530670702457428,897,529
244,2,Slow,0.5648669004440308,663,612
244,0,VRU,0.3221018612384796,898,527
245,2,Slow,0.6195081472396851,658,615
246,2,Slow,0.5559595823287964,654,618
247,2,Slow,0.6152515411376953,543,746
247,2,Slow,0.5927421450614929,648,621
247,0,VRU,0.45207053422927856,905,523
248,2,Slow,0.42932936549186707,643,624
249,1,Fast,0.6353811025619507,327,801
250,0,VRU,0.39225637912750244,559,736
256,2,Slow,0.6926569938659668,599,650
257,2,Slow,0.6499223709106445,593,653
257,0,VRU,0.5130544900894165,924,508
258,0,VRU,0.6262491941452026,589,656
258,0,VRU,0.5250220894813538,926,507
259,0,VRU,0.5102272033691406,928,505
259,0,VRU,0.3135950565338135,584,660
260,0,VRU,0.30360957980155945,578,663
261,2,Slow,0.43162888288497925,572,667
261,0,VRU,0.38321182131767273,931,504
262,0,VRU,0.456891268491745,933,502
263,0,VRU,0.4105595350265503,823,561
264,1,Fast,0.4489208161830902,120,899
264,2,Slow,0.4180889129638672,556,677
265,1,Fast,0.5583829879760742,175,883
265,2,Slow,0.36695677042007446,547,681
265,2,Slow,0.3059024214744568,111,904
266,0,VRU,0.39343371987342834,831,554
267,2,Slow,0.38555222749710083,91,915
267,2,Slow,0.3334493637084961,534,688
268,2,Slow,0.47119471430778503,82,920
269,0,VRU,0.6565176248550415,521,695
270,2,Slow,0.6133301854133606,61,929
271,2,Slow,0.5129364728927612,52,933
272,0,VRU,0.49098876118659973,504,707
273,0,VRU,0.684273898601532,496,711
273,0,VRU,0.32874593138694763,952,488
274,0,VRU,0.4609537720680237,489,715
274,0,VRU,0.31326979398727417,866,549
274,0,VRU,0.31159764528274536,954,487
275,0,VRU,0.6789388656616211,482,718
276,0,VRU,0.4366168677806854,475,722
277,2,Slow,0.3863469064235687,470,726
280,0,VRU,0.38230493664741516,448,738
282,0,VRU,0.36974769830703735,966,476
283,0,VRU,0.3855229616165161,877,522
284,0,VRU,0.33164167404174805,879,521
285,0,VRU,0.5272078514099121,892,531
285,0,VRU,0.43242672085762024,883,519
286,2,Slow,0.3420596420764923,885,517
286,0,VRU,0.3195576071739197,885,517
288,2,Slow,0.3393677771091461,689,578
289,0,VRU,0.4257805347442627,891,511
289,0,VRU,0.33848485350608826,976,469
290,2,Slow,0.42158788442611694,681,582
291,0,VRU,0.5016052722930908,981,465
292,0,VRU,0.3264138996601105,982,464
292,2,Slow,0.3102617561817169,677,585
296,2,Slow,0.49793267250061035,660,595
296,0,VRU,0.46496182680130005,321,810
298,2,Slow,0.3663930892944336,653,601
299,2,Slow,0.577686607837677,647,604
300,2,Slow,0.6406306028366089,645,604
301,0,VRU,0.38878726959228516,785,588
301,2,Slow,0.3561159670352936,639,607
303,2,Slow,0.5441705584526062,633,611
305,0,VRU,0.32147082686424255,798,578
306,0,VRU,0.31754758954048157,801,576
307,0,VRU,0.4984862804412842,804,574
309,0,VRU,0.6543940305709839,810,569
311,2,Slow,0.435469388961792,596,631
311,0,VRU,0.32417187094688416,817,565
313,2,Slow,0.573591411113739,587,638
314,2,Slow,0.5997447967529297,583,640
315,2,Slow,0.4515180289745331,578,642
316,2,Slow,0.6457146406173706,573,645
317,2,Slow,0.4048525393009186,567,647
318,2,Slow,0.321397989988327,96,931
319,2,Slow,0.38156381249427795,557,654
321,2,Slow,0.668230414390564,547,658
321,1,Fast,0.5290115475654602,139,1015
322,1,Fast,0.6137847304344177,148,1010
322,2,Slow,0.5585651993751526,542,661
323,1,Fast,0.6421215534210205,158,1004
324,2,Slow,0.8234331011772156,532,667
324,1,Fast,0.3037046790122986,165,1000
325,2,Slow,0.7540687918663025,527,670
325,2,Slow,0.6238464713096619,19,974
326,2,Slow,0.7078746557235718,522,673
327,2,Slow,0.6491478085517883,517,676
327,2,Slow,0.3357580304145813,7,986
329,2,Slow,0.4406883120536804,504,683
330,2,Slow,0.4349000155925751,500,686
331,2,Slow,0.6888225674629211,494,689
331,1,Fast,0.5465630292892456,226,963
332,2,Slow,0.7312876582145691,488,692
332,1,Fast,0.580664873123169,234,958
333,2,Slow,0.3216332793235779,483,695
334,1,Fast,0.517004132270813,250,949
335,1,Fast,0.36722129583358765,258,945
336,1,Fast,0.5682609677314758,266,939
337,1,Fast,0.4464225769042969,272,935
338,1,Fast,0.38044193387031555,280,931
338,2,Slow,0.3797389566898346,455,710
343,1,Fast,0.5523923635482788,317,908
344,1,Fast,0.7387264966964722,324,904
344,1,Fast,0.4409763216972351,784,534
345,1,Fast,0.5099902749061584,331,900
346,1,Fast,0.6106729507446289,339,897
347,1,Fast,0.6418881416320801,345,892
348,1,Fast,0.6562007665634155,353,888
349,1,Fast,0.530756950378418,360,883
349,2,Slow,0.36647236347198486,899,458
350,1,Fast,0.43414029479026794,366,879
351,2,Slow,0.5472030639648438,762,548
351,1,Fast,0.4376380741596222,371,876
352,2,Slow,0.46911245584487915,758,550
353,1,Fast,0.4306715428829193,755,552
356,1,Fast,0.4240942597389221,403,858
357,1,Fast,0.3405230939388275,879,471
358,1,Fast,0.5507833957672119,876,473
358,1,Fast,0.4667420983314514,737,563
360,1,Fast,0.6269185543060303,428,842
360,1,Fast,0.47720015048980713,870,477
361,2,Slow,0.30651143193244934,657,597
362,1,Fast,0.6288744807243347,439,835
363,2,Slow,0.39860326051712036,650,602
364,1,Fast,0.5120769143104553,450,827
364,2,Slow,0.4135597050189972,646,604
365,1,Fast,0.8046548962593079,457,824
365,1,Fast,0.5576189756393433,712,580
365,2,Slow,0.3380929231643677,642,607
366,1,Fast,0.8342601656913757,462,821
366,1,Fast,0.5397539734840393,423,813
366,2,Slow,0.4005860686302185,636,609
366,1,Fast,0.30908358097076416,708,582
367,1,Fast,0.6789063811302185,468,818
367,1,Fast,0.5117137432098389,851,490
367,1,Fast,0.31465786695480347,429,809
368,1,Fast,0.6302085518836975,847,492
368,1,Fast,0.3444734811782837,700,587
369,1,Fast,0.5841891765594482,478,811
369,1,Fast,0.38779065012931824,845,494
370,1,Fast,0.7362646460533142,484,808
371,1,Fast,0.7829152345657349,489,804
371,2,Slow,0.3393506705760956,688,594
372,1,Fast,0.6949930787086487,495,801
373,1,Fast,0.7894455194473267,501,797
374,1,Fast,0.6401370763778687,506,794
374,2,Slow,0.6239176988601685,601,630
375,1,Fast,0.8234114646911621,512,790
375,2,Slow,0.5809613466262817,595,633
375,2,Slow,0.34253907203674316,672,604
376,1,Fast,0.6772260069847107,667,608
376,2,Slow,0.4688122570514679,591,636
376,1,Fast,0.34898436069488525,517,786
377,2,Slow,0.8121013045310974,587,639
377,1,Fast,0.6519086360931396,662,610
377,1,Fast,0.6110314130783081,522,783
377,1,Fast,0.465290904045105,818,511
378,2,Slow,0.8092145919799805,582,641
378,1,Fast,0.7212043404579163,657,613
378,1,Fast,0.6977179050445557,527,781
378,1,Fast,0.4876653254032135,815,513
378,2,Slow,0.32132792472839355,893,461
379,1,Fast,0.7634764909744263,811,516
379,2,Slow,0.708671510219574,578,644
379,2,Slow,0.5737590193748474,653,616
379,2,Slow,0.4776477813720703,890,462
379,1,Fast,0.4717741012573242,653,615
379,1,Fast,0.43667131662368774,531,777
380,2,Slow,0.7438609004020691,649,618
380,1,Fast,0.6762045621871948,535,774
380,2,Slow,0.6688462495803833,573,646
380,1,Fast,0.4068051278591156,808,517
381,1,Fast,0.5549262762069702,541,771
381,2,Slow,0.5315033793449402,645,621
382,1,Fast,0.7704718708992004,546,768
382,2,Slow,0.6538487672805786,640,624
382,2,Slow,0.34456875920295715,560,652
383,1,Fast,0.5023632049560547,550,765
383,2,Slow,0.42953363060951233,556,655
384,1,Fast,0.7229347825050354,214,968
384,1,Fast,0.6685212254524231,556,762
384,1,Fast,0.44368845224380493,76,996
384,2,Slow,0.35815924406051636,553,657
385,1,Fast,0.8186761140823364,219,964
385,2,Slow,0.711739718914032,625,632
385,1,Fast,0.5186257362365723,90,988
386,1,Fast,0.824266254901886,224,960
386,1,Fast,0.6697317361831665,103,981
386,2,Slow,0.6324491500854492,620,635
386,1,Fast,0.4160054326057434,566,755
387,1,Fast,0.8591268062591553,230,956
387,2,Slow,0.61637943983078,616,638
387,1,Fast,0.5997492074966431,571,751
387,1,Fast,0.5639933943748474,116,974
387,0,VRU,0.3187427222728729,555,736
387,1,Fast,0.317718505859375,784,533
388,1,Fast,0.8648062944412231,236,953
388,2,Slow,0.6983710527420044,611,641
388,1,Fast,0.6747572422027588,575,748
388,1,Fast,0.6043396592140198,127,967
388,2,Slow,0.598567008972168,531,670
389,1,Fast,0.8671185374259949,242,950
389,2,Slow,0.48015305399894714,526,673
389,2,Slow,0.40988659858703613,606,644
389,1,Fast,0.4075646698474884,579,745
390,1,Fast,0.6683984994888306,247,947
390,2,Slow,0.6096936464309692,602,646
390,1,Fast,0.5500620007514954,583,741
390,2,Slow,0.39395228028297424,523,675
391,1,Fast,0.7816357016563416,252,943
391,2,Slow,0.7238343954086304,596,649
391,2,Slow,0.5127819180488586,518,677
392,1,Fast,0.8273358345031738,258,939
392,2,Slow,0.6802122592926025,591,652
392,2,Slow,0.4957379996776581,515,680
393,1,Fast,0.7754533886909485,264,936
393,2,Slow,0.47369617223739624,500,686
393,1,Fast,0.32425984740257263,597,733
393,1,Fast,0.3222430646419525,586,654
393,2,Slow,0.3197649121284485,586,654
394,1,Fast,0.7340863943099976,602,730
395,1,Fast,0.7636882662773132,274,928
395,1,Fast,0.4282376170158386,606,727
395,2,Slow,0.3864786922931671,576,661
395,1,Fast,0.3525758683681488,753,552
396,1,Fast,0.6020094752311707,280,925
396,1,Fast,0.5404963493347168,749,554
397,1,Fast,0.6254993677139282,236,905
398,1,Fast,0.6853903532028198,560,671
398,1,Fast,0.495961993932724,741,559
398,1,Fast,0.31572359800338745,291,917
399,1,Fast,0.7068228125572205,737,562
399,2,Slow,0.543627142906189,555,673
400,2,Slow,0.6132125854492188,468,707
400,2,Slow,0.5893556475639343,549,676
400,1,Fast,0.34607723355293274,549,676
401,2,Slow,0.713517963886261,545,680
402,2,Slow,0.8218795657157898,538,683
402,2,Slow,0.351321816444397,627,688
403,2,Slow,0.7319625020027161,532,686
404,2,Slow,0.821742832660675,526,690
405,2,Slow,0.6637353897094727,520,693
406,1,Fast,0.7462068796157837,706,580
406,2,Slow,0.5982076525688171,515,697
407,1,Fast,0.7610670924186707,336,890
407,1,Fast,0.5580980181694031,507,700
407,1,Fast,0.45067575573921204,701,583
407,0,VRU,0.44060879945755005,646,675
407,2,Slow,0.3647511303424835,810,514
408,1,Fast,0.6736677885055542,501,704
408,1,Fast,0.6190692186355591,698,586
409,1,Fast,0.5297881364822388,495,707
410,1,Fast,0.6629188060760498,351,880
410,1,Fast,0.4148927927017212,490,711
410,0,VRU,0.38151296973228455,655,667
411,1,Fast,0.8426041603088379,484,714
411,1,Fast,0.7495146989822388,356,878
411,1,Fast,0.334384024143219,375,825
412,1,Fast,0.6564118266105652,361,875
412,1,Fast,0.5793256163597107,679,596
412,1,Fast,0.4328137934207916,383,819
412,1,Fast,0.36501580476760864,477,718
413,1,Fast,0.8249733448028564,366,871
413,1,Fast,0.7341974973678589,471,722
413,1,Fast,0.4070175886154175,675,599
414,1,Fast,0.8062427043914795,370,869
414,1,Fast,0.582939088344574,669,602
414,1,Fast,0.3419049382209778,464,725
415,1,Fast,0.8186753988265991,410,803
415,1,Fast,0.4937337338924408,458,728
415,1,Fast,0.3360495865345001,664,605
416,1,Fast,0.8057301640510559,418,798
416,1,Fast,0.7090919613838196,660,608
416,1,Fast,0.4947204291820526,452,733
416,2,Slow,0.4602903127670288,682,650
417,1,Fast,0.8302895426750183,654,611
417,1,Fast,0.5824567079544067,425,793
417,2,Slow,0.5315256118774414,684,648
417,1,Fast,0.40291306376457214,385,860
418,1,Fast,0.7255623936653137,649,614
418,1,Fast,0.552976131439209,389,857
419,1,Fast,0.7463553547859192,394,855
419,1,Fast,0.47980645298957825,643,617
419,2,Slow,0.35265490412712097,643,617
420,2,Slow,0.5996346473693848,639,620
420,1,Fast,0.5746311545372009,399,852
420,0,VRU,0.3644731044769287,1047,391
420,1,Fast,0.3459531366825104,638,620
420,2,Slow,0.32942163944244385,696,640
421,2,Slow,0.7578375935554504,634,623
422,1,Fast,0.366646945476532,628,626
423,1,Fast,0.4751149117946625,402,760
423,1,Fast,0.30486583709716797,622,630
424,1,Fast,0.797671377658844,394,765
425,1,Fast,0.8622733354568481,387,769
425,2,Slow,0.7214527130126953,611,637
425,0,VRU,0.30733445286750793,1053,386
426,1,Fast,0.6688187718391418,606,640
426,1,Fast,0.6239520907402039,380,773
426,1,Fast,0.5536013245582581,426,835
427,0,VRU,0.6077045798301697,861,465
427,2,Slow,0.4256906807422638,602,644
428,1,Fast,0.7459830641746521,366,781
428,0,VRU,0.6942514777183533,859,466
428,1,Fast,0.631292462348938,595,647
428,2,Slow,0.4760262072086334,594,647
428,0,VRU,0.32175564765930176,511,742
429,0,VRU,0.5813655257225037,858,468
429,1,Fast,0.5114668607711792,589,651
430,1,Fast,0.8606628775596619,350,790
430,0,VRU,0.5039014220237732,856,469
431,1,Fast,0.5401474833488464,343,795
432,1,Fast,0.7600427865982056,334,799
432,0,VRU,0.3688267767429352,852,472
433,1,Fast,0.41638222336769104,326,803
434,1,Fast,0.7435547709465027,317,808
434,1,Fast,0.6964669823646545,560,669
434,2,Slow,0.4677881896495819,708,577
435,1,Fast,0.6188297271728516,554,672
435,1,Fast,0.48399338126182556,559,714
435,1,Fast,0.4205033481121063,310,812
435,1,Fast,0.31594616174697876,465,809
436,2,Slow,0.7502747774124146,564,709
436,1,Fast,0.3260645568370819,548,676
436,1,Fast,0.3126234710216522,470,807
437,2,Slow,0.7487092018127441,541,680
437,1,Fast,0.6740274429321289,473,804
438,2,Slow,0.8539500832557678,534,683
438,1,Fast,0.5058369636535645,477,802
439,1,Fast,0.6271415948867798,480,800
439,2,Slow,0.5843156576156616,529,686
439,1,Fast,0.43883588910102844,529,686
440,2,Slow,0.639281153678894,522,689
440,1,Fast,0.5647385716438293,522,689
441,1,Fast,0.7918562889099121,515,693
441,0,VRU,0.6542107462882996,597,689
441,1,Fast,0.5188156962394714,487,796
441,2,Slow,0.44445809721946716,530,667
442,1,Fast,0.7848314046859741,508,698
442,1,Fast,0.722768247127533,491,793
442,0,VRU,0.42147836089134216,827,487
442,2,Slow,0.38395002484321594,524,670
442,0,VRU,0.3824441432952881,604,685
442,0,VRU,0.3120664954185486,1077,370
443,1,Fast,0.6699085235595703,501,702
443,0,VRU,0.42137277126312256,1078,368
444,1,Fast,0.7463639974594116,494,705
444,1,Fast,0.6755107045173645,662,604
444,1,Fast,0.6307817697525024,499,787
444,2,Slow,0.46585777401924133,778,607
445,1,Fast,0.7775045037269592,487,709
445,1,Fast,0.7435948252677917,657,608
446,1,Fast,0.7845829129219055,651,611
446,2,Slow,0.6701135039329529,502,680
446,2,Slow,0.6566572189331055,480,713
446,2,Slow,0.6420720219612122,625,671
446,1,Fast,0.6181662678718567,480,713
447,1,Fast,0.7675997018814087,473,717
447,2,Slow,0.7066670656204224,631,667
447,2,Slow,0.44617122411727905,498,684
447,1,Fast,0.40884894132614136,646,614
448,1,Fast,0.8669266700744629,467,720
448,1,Fast,0.8137773275375366,515,777
448,2,Slow,0.49404701590538025,812,495
449,1,Fast,0.8716202974319458,459,725
449,1,Fast,0.745987057685852,517,775
449,2,Slow,0.6907147765159607,811,496
450,1,Fast,0.8850172758102417,452,729
450,1,Fast,0.770409107208252,522,773
450,2,Slow,0.5160922408103943,807,499
451,1,Fast,0.8551798462867737,445,734
451,1,Fast,0.7652087211608887,526,770
451,2,Slow,0.3900337815284729,803,501
452,1,Fast,0.7945030331611633,438,738
452,1,Fast,0.7086325883865356,530,768
452,1,Fast,0.5907884240150452,152,900
452,1,Fast,0.5680660009384155,622,629
452,2,Slow,0.550960123538971,803,502
453,1,Fast,0.8913951516151428,430,742
453,1,Fast,0.7174375653266907,534,765
453,1,Fast,0.5495169162750244,140,907
454,1,Fast,0.8642144203186035,422,747
454,1,Fast,0.850659191608429,537,763
454,1,Fast,0.7822077870368958,130,912
454,2,Slow,0.36463305354118347,610,635
454,0,VRU,0.35803207755088806,1091,357
455,1,Fast,0.8514624238014221,414,751
455,1,Fast,0.5760818123817444,542,761
455,0,VRU,0.5662068128585815,1092,357
455,1,Fast,0.49377498030662537,604,639
455,1,Fast,0.3040468096733093,119,918
456,1,Fast,0.806339681148529,545,759
456,1,Fast,0.7905113697052002,407,756
456,1,Fast,0.7069271802902222,599,641
456,1,Fast,0.3581298589706421,448,714
457,1,Fast,0.8803473711013794,399,760
457,1,Fast,0.6587455868721008,594,645
457,1,Fast,0.406215637922287,549,756
457,0,VRU,0.4058690667152405,685,632
458,1,Fast,0.887334942817688,390,765
458,1,Fast,0.7054161429405212,587,648
458,0,VRU,0.6543906331062317,690,629
458,1,Fast,0.5188985466957092,552,754
459,1,Fast,0.8815436363220215,383,770
459,0,VRU,0.6690373420715332,694,626
459,1,Fast,0.5052655339241028,582,651
459,1,Fast,0.3843719959259033,557,751
460,1,Fast,0.8895612359046936,375,774
460,1,Fast,0.7531572580337524,576,654
460,1,Fast,0.6138294339179993,560,748
460,0,VRU,0.5378909707069397,699,623
461,1,Fast,0.864235520362854,366,779
461,0,VRU,0.6250113248825073,705,620
461,1,Fast,0.32960474491119385,563,747
462,1,Fast,0.8426839709281921,358,784
462,1,Fast,0.6219367384910583,566,745
462,0,VRU,0.440630167722702,709,617
463,1,Fast,0.8892179131507874,349,788
463,1,Fast,0.7353258728981018,570,742
464,1,Fast,0.8493260145187378,340,794
464,1,Fast,0.816678524017334,573,740
465,1,Fast,0.8448731899261475,332,799
465,1,Fast,0.7792578339576721,576,738
465,1,Fast,0.6244716048240662,547,671
465,0,VRU,0.5912785530090332,722,608
466,1,Fast,0.8628499507904053,323,803
466,1,Fast,0.7427404522895813,580,735
467,1,Fast,0.819979190826416,584,733
467,1,Fast,0.7665743231773376,314,809
468,1,Fast,0.7873751521110535,587,731
468,1,Fast,0.6190494894981384,306,813
468,2,Slow,0.443293035030365,30,1016
469,1,Fast,0.7358696460723877,590,728
470,2,Slow,0.4741218090057373,514,689
470,1,Fast,0.4129314422607422,594,726
470,2,Slow,0.36187973618507385,594,726
471,1,Fast,0.6863359212875366,597,725
472,1,Fast,0.7940504550933838,600,723
472,2,Slow,0.6093391180038452,753,587
472,2,Slow,0.4161342978477478,746,538
473,1,Fast,0.7024134993553162,604,721
473,2,Slow,0.32242387533187866,744,539
474,1,Fast,0.7141084671020508,607,718
474,2,Slow,0.3778991103172302,489,705
475,1,Fast,0.6520830988883972,236,851
475,0,VRU,0.3857519328594208,737,543
477,1,Fast,0.4926815629005432,214,862
478,1,Fast,0.841189980506897,204,868
479,1,Fast,0.8434956669807434,193,874
480,1,Fast,0.7161818146705627,182,880
481,1,Fast,0.5371072888374329,172,886
482,1,Fast,0.7640206217765808,161,893
483,1,Fast,0.7981729507446289,149,899
483,2,Slow,0.5530521273612976,712,559
484,1,Fast,0.8607190847396851,138,906
484,0,VRU,0.32967448234558105,639,697
485,1,Fast,0.8825519680976868,126,912
485,0,VRU,0.4526866674423218,642,696
486,1,Fast,0.8877507448196411,114,919
487,1,Fast,0.8864371180534363,103,925
487,0,VRU,0.571290910243988,699,568
487,0,VRU,0.41192197799682617,647,693
488,1,Fast,0.8268515467643738,90,932
488,0,VRU,0.553669810295105,813,545
488,0,VRU,0.5523192286491394,651,691
488,0,VRU,0.39536234736442566,696,569
489,1,Fast,0.8336946368217468,77,939
489,0,VRU,0.40683412551879883,691,571
490,1,Fast,0.8523329496383667,65,945
490,0,VRU,0.38081178069114685,688,574
491,1,Fast,0.6221621036529541,54,952
491,0,VRU,0.3086695075035095,684,576
492,0,VRU,0.48900875449180603,826,535
493,1,Fast,0.5148391127586365,344,789
493,1,Fast,0.3250690698623657,352,859
494,1,Fast,0.5766660571098328,336,794
496,1,Fast,0.7685099840164185,320,804
496,2,Slow,0.30457913875579834,665,585
497,1,Fast,0.5965674519538879,311,809
497,2,Slow,0.40099605917930603,663,588
497,0,VRU,0.37438294291496277,663,588
498,0,VRU,0.6390977501869202,678,670
498,0,VRU,0.5143874287605286,660,590
498,2,Slow,0.32132914662361145,660,590
499,0,VRU,0.7539446353912354,681,668
499,2,Slow,0.4441981315612793,656,593
500,0,VRU,0.858650803565979,684,667
500,0,VRU,0.5489247441291809,651,595
501,0,VRU,0.8569542765617371,686,665
501,2,Slow,0.39055415987968445,648,598
502,0,VRU,0.816910982131958,689,663
502,0,VRU,0.6568721532821655,645,599
503,0,VRU,0.8055384159088135,692,662
503,0,VRU,0.379437655210495,641,602
503,2,Slow,0.32698145508766174,1064,336
504,0,VRU,0.8177368640899658,694,659
504,0,VRU,0.3279503285884857,636,604
505,0,VRU,0.7162263989448547,697,658
506,0,VRU,0.6457524299621582,699,656
507,2,Slow,0.46311891078948975,1059,339
507,2,Slow,0.4426978826522827,622,611
510,2,Slow,0.3047991693019867,709,648
522,0,VRU,0.32505694031715393,559,649
527,2,Slow,0.3967525064945221,533,663
528,2,Slow,0.5976947546005249,529,666
529,2,Slow,0.732408344745636,525,668
530,2,Slow,0.6599710583686829,519,671
538,2,Slow,0.3570171892642975,477,695
539,2,Slow,0.5688546299934387,472,698
616,2,Slow,0.5081391334533691,730,550
619,2,Slow,0.3897082507610321,721,556
620,2,Slow,0.6868738532066345,717,558
621,2,Slow,0.5258826613426208,713,560
629,2,Slow,0.5013415813446045,682,579
630,2,Slow,0.5471693277359009,677,582
631,2,Slow,0.42451542615890503,672,584
632,2,Slow,0.34141725301742554,669,586
636,2,Slow,0.3418768346309662,653,596
638,2,Slow,0.3632814884185791,644,602
641,2,Slow,0.30366989970207214,631,610
642,1,Fast,0.5751271843910217,625,612
643,2,Slow,0.36199840903282166,622,614
648,1,Fast,0.5964184999465942,597,628
652,1,Fast,0.36705511808395386,775,531
653,1,Fast,0.6790755987167358,772,534
655,2,Slow,0.5573465824127197,728,548
655,1,Fast,0.37669745087623596,563,648
655,1,Fast,0.37031832337379456,766,538
656,1,Fast,0.6773754358291626,763,539
656,2,Slow,0.4689209759235382,725,550
656,1,Fast,0.4269750416278839,559,652
657,1,Fast,0.6708862781524658,553,654
657,2,Slow,0.3897821605205536,1501,309
658,1,Fast,0.47785940766334534,547,657
659,2,Slow,0.3405768573284149,1500,309
660,1,Fast,0.3157165050506592,537,663
662,1,Fast,0.6349700093269348,526,669
663,1,Fast,0.47817233204841614,520,673
664,1,Fast,0.666687548160553,515,676
666,2,Slow,0.5075291395187378,691,569
666,2,Slow,0.40564268827438354,581,734
667,1,Fast,0.7483469247817993,498,686
667,1,Fast,0.6278122067451477,159,967
667,2,Slow,0.5527832508087158,582,732
667,1,Fast,0.3316797912120819,725,563
668,1,Fast,0.6475070714950562,492,689
669,1,Fast,0.5384781956672668,486,692
670,1,Fast,0.412557452917099,481,695
671,1,Fast,0.715874969959259,474,700
672,1,Fast,0.651136577129364,469,703
673,1,Fast,0.7014509439468384,702,578
673,1,Fast,0.5676794052124023,462,706
674,1,Fast,0.8152952790260315,698,580
674,1,Fast,0.669013500213623,455,710
675,1,Fast,0.6752980351448059,694,582
675,1,Fast,0.49548864364624023,451,713
675,1,Fast,0.3792995810508728,237,920
676,1,Fast,0.7973246574401855,690,585
676,1,Fast,0.43169599771499634,444,717
677,1,Fast,0.6920114159584045,437,721
677,1,Fast,0.6868896484375,686,588
678,1,Fast,0.6318288445472717,432,723
679,1,Fast,0.5804087519645691,679,593
679,1,Fast,0.5194032192230225,427,728
680,1,Fast,0.6089102625846863,674,595
680,1,Fast,0.4617358446121216,424,728
681,1,Fast,0.6178612112998962,415,734
681,2,Slow,0.46028417348861694,635,604
681,2,Slow,0.3778378963470459,396,743
683,1,Fast,0.8126387596130371,661,603
683,1,Fast,0.6215269565582275,396,743
683,2,Slow,0.5332578420639038,625,610
684,1,Fast,0.7937749624252319,657,606
685,1,Fast,0.8510949611663818,653,609
686,1,Fast,0.8195566534996033,648,611
687,1,Fast,0.7882408499717712,643,614
688,1,Fast,0.7291041016578674,639,616
688,1,Fast,0.6861224174499512,360,763
689,1,Fast,0.7644386887550354,354,851
689,1,Fast,0.708757758140564,353,766
690,1,Fast,0.8515682220458984,346,771
690,1,Fast,0.7225016355514526,631,622
690,1,Fast,0.6533036231994629,361,846
691,1,Fast,0.8111564517021179,339,775
691,1,Fast,0.6341027021408081,369,841
691,1,Fast,0.5631574392318726,625,624
692,1,Fast,0.8212957382202148,331,779
692,1,Fast,0.5863003134727478,621,627
693,1,Fast,0.823214054107666,324,783
693,1,Fast,0.7433372735977173,616,630
694,1,Fast,0.8440839648246765,316,788
694,1,Fast,0.7536537051200867,611,633
695,1,Fast,0.687527596950531,607,636
695,1,Fast,0.5515854358673096,308,793
695,0,VRU,0.4120277762413025,397,825
696,1,Fast,0.8062902092933655,603,639
697,1,Fast,0.8172146081924438,597,642
697,1,Fast,0.3196394443511963,413,815
698,1,Fast,0.7458269000053406,420,811
698,1,Fast,0.685819149017334,591,645
699,1,Fast,0.482632040977478,586,647
700,1,Fast,0.8391525745391846,581,651
700,1,Fast,0.5088003277778625,434,804
700,2,Slow,0.3324788510799408,544,656
701,1,Fast,0.8341606259346008,575,654
701,1,Fast,0.4369364380836487,442,799
702,1,Fast,0.6585603356361389,571,657
702,1,Fast,0.43541789054870605,448,795
703,1,Fast,0.7969849705696106,455,791
703,1,Fast,0.769964337348938,566,660
706,1,Fast,0.6805235147476196,550,670
707,1,Fast,0.6226612329483032,544,673
708,1,Fast,0.8214790225028992,538,676
709,1,Fast,0.8379366993904114,533,680
709,2,Slow,0.3024384677410126,741,624
710,1,Fast,0.8271111845970154,527,683
710,2,Slow,0.5236462354660034,743,623
711,1,Fast,0.84536212682724,521,686
711,1,Fast,0.7732647061347961,505,760
711,1,Fast,0.4345412254333496,166,869
712,1,Fast,0.828276515007019,514,689
713,1,Fast,0.7900327444076538,507,693
713,2,Slow,0.4448131322860718,517,751
714,1,Fast,0.7937377691268921,502,697
714,2,Slow,0.6729076504707336,522,748
715,1,Fast,0.7502447962760925,497,701
715,1,Fast,0.7167350649833679,127,891
715,2,Slow,0.49927565455436707,529,745
715,2,Slow,0.43534114956855774,462,702
716,1,Fast,0.5502333045005798,116,897
716,1,Fast,0.52894127368927,491,705
717,1,Fast,0.7597768902778625,485,708
718,1,Fast,0.7632994055747986,479,712
718,1,Fast,0.5725337266921997,95,908
718,2,Slow,0.3839991092681885,546,734
719,1,Fast,0.8352755308151245,473,715
719,2,Slow,0.7366312146186829,551,730
719,1,Fast,0.6245798468589783,83,914
720,1,Fast,0.8154670596122742,466,719
720,2,Slow,0.7230628132820129,556,727
721,1,Fast,0.8350967764854431,458,722
721,1,Fast,0.44468390941619873,562,723
722,1,Fast,0.8614396452903748,451,726
723,1,Fast,0.8661166429519653,445,729
723,2,Slow,0.3499762713909149,1500,309
724,1,Fast,0.809870183467865,439,734
724,2,Slow,0.41502639651298523,1499,309
725,1,Fast,0.7513256669044495,432,738
725,1,Fast,0.3805069029331207,24,949
725,2,Slow,0.360122412443161,1499,310
726,1,Fast,0.7075633406639099,426,742
727,1,Fast,0.6430001258850098,420,745
728,1,Fast,0.7782624959945679,413,749
729,1,Fast,0.828498363494873,406,753
730,1,Fast,0.7600165605545044,399,757
731,1,Fast,0.8609511852264404,392,761
732,1,Fast,0.7879484295845032,383,766
733,1,Fast,0.8572118282318115,376,770
733,2,Slow,0.37953105568885803,1501,308
734,1,Fast,0.7964944839477539,369,774
734,2,Slow,0.323158323764801,1502,308
735,1,Fast,0.8309376239776611,362,778
736,1,Fast,0.7071737051010132,354,782
737,1,Fast,0.5142470002174377,348,786
743,2,Slow,0.7210980653762817,594,634
745,2,Slow,0.30558276176452637,1501,308
749,2,Slow,0.47133588790893555,568,650
750,2,Slow,0.4933320879936218,564,653
752,2,Slow,0.4608122706413269,556,657
754,2,Slow,0.4917152523994446,15,1059
754,1,Fast,0.4327985942363739,204,868
756,0,VRU,0.5305343866348267,863,536
756,2,Slow,0.5134545564651489,27,1046
757,0,VRU,0.5872317552566528,865,535
757,2,Slow,0.36267486214637756,37,1040
758,0,VRU,0.6560164093971252,866,534
758,0,VRU,0.3325158953666687,368,842
758,0,VRU,0.30540794134140015,728,615
760,1,Fast,0.48054957389831543,147,900
761,2,Slow,0.5430095195770264,76,1018
762,2,Slow,0.6044073104858398,86,1012
762,1,Fast,0.48945334553718567,124,912
763,2,Slow,0.5375070571899414,97,1006
764,2,Slow,0.8163992166519165,108,999
765,1,Fast,0.8321487903594971,91,930
765,2,Slow,0.5526901483535767,863,448
765,2,Slow,0.5411012172698975,116,994
766,1,Fast,0.7732822895050049,81,936
766,2,Slow,0.612221360206604,125,988
767,1,Fast,0.832070529460907,69,941
767,2,Slow,0.45318442583084106,136,982
768,2,Slow,0.4822871685028076,145,977
768,1,Fast,0.3518980145454407,58,947
769,1,Fast,0.49525514245033264,48,954
770,1,Fast,0.7452638745307922,36,960
771,1,Fast,0.8315035700798035,28,967
777,0,VRU,0.5273807048797607,487,768
778,0,VRU,0.39652174711227417,492,766
779,2,Slow,0.31428560614585876,753,476
780,2,Slow,0.49157509207725525,831,467
781,2,Slow,0.4985079765319824,830,468
781,0,VRU,0.32317668199539185,830,468
782,2,Slow,0.4589274525642395,828,469
782,0,VRU,0.3417451083660126,829,469
783,2,Slow,0.501523494720459,826,470
784,0,VRU,0.30512964725494385,825,471
785,2,Slow,0.41217586398124695,294,891
791,0,VRU,0.4086357653141022,105,1000
793,0,VRU,0.7817862033843994,355,856
793,0,VRU,0.39886531233787537,805,483
794,0,VRU,0.5499172806739807,363,852
800,1,Fast,0.6471303701400757,336,842
801,1,Fast,0.6241235136985779,346,836
803,2,Slow,0.48289063572883606,12,1027
805,2,Slow,0.34590771794319153,776,500
806,0,VRU,0.36830464005470276,441,805
809,0,VRU,0.51943039894104,769,506
812,2,Slow,0.5691053867340088,26,1047
813,2,Slow,0.7252839207649231,36,1042
814,2,Slow,0.39737603068351746,45,1036
814,2,Slow,0.3301509618759155,45,1036
816,1,Fast,0.5431285500526428,114,912
817,2,Slow,0.3398049473762512,74,1019
819,2,Slow,0.36848556995391846,93,1007
820,1,Fast,0.35753509402275085,103,1002
823,2,Slow,0.44316115975379944,131,985
825,2,Slow,0.6208168268203735,148,975
828,0,VRU,0.38843268156051636,175,959
834,0,VRU,0.33253178000450134,701,545
837,2,Slow,0.5685989856719971,251,915
838,2,Slow,0.6349198222160339,258,911
838,2,Slow,0.44185125827789307,15,953
839,0,VRU,0.35209256410598755,817,473
841,2,Slow,0.6810610890388489,681,557
842,2,Slow,0.7020297050476074,679,559
842,2,Slow,0.4083995819091797,811,477
843,2,Slow,0.5741215348243713,809,478
843,2,Slow,0.5205570459365845,677,560
844,0,VRU,0.38100048899650574,392,805
847,2,Slow,0.4929537773132324,662,568
848,2,Slow,0.6673083901405334,660,570
848,2,Slow,0.3361548185348511,334,867
849,2,Slow,0.6740538477897644,657,571
849,1,Fast,0.3853340148925781,796,486
849,2,Slow,0.3822441101074219,341,863
850,1,Fast,0.5923377871513367,793,487
850,2,Slow,0.4766738712787628,348,858
851,2,Slow,0.4075571894645691,354,854
852,1,Fast,0.5267930030822754,789,490
853,1,Fast,0.6636293530464172,786,492
853,2,Slow,0.5900827646255493,646,578
854,2,Slow,0.41703706979751587,642,580
854,1,Fast,0.32542967796325684,783,493
856,2,Slow,0.5184599757194519,386,835
858,2,Slow,0.35069918632507324,800,560
860,0,VRU,0.3460123836994171,622,594
864,2,Slow,0.4158519208431244,437,804
865,2,Slow,0.7667056918144226,441,801
865,2,Slow,0.3301079571247101,603,603
866,2,Slow,0.39401736855506897,600,606
867,0,VRU,0.5015084743499756,454,794
867,2,Slow,0.3434286117553711,597,607
868,0,VRU,0.6405131220817566,459,791
868,2,Slow,0.3076421022415161,592,610
869,0,VRU,0.4893256723880768,464,788
870,0,VRU,0.4668375253677368,739,612
871,2,Slow,0.6314190030097961,477,780
872,2,Slow,0.3800544738769531,483,777
872,0,VRU,0.33378520607948303,743,608
873,2,Slow,0.6578347086906433,485,774
882,2,Slow,0.4328140616416931,533,744
883,2,Slow,0.527324378490448,539,741
884,2,Slow,0.3172682225704193,544,738
885,2,Slow,0.5257521271705627,548,735
886,2,Slow,0.36491653323173523,524,649
889,0,VRU,0.36905258893966675,848,455
889,2,Slow,0.35080310702323914,511,657
890,2,Slow,0.43641188740730286,506,659
892,0,VRU,0.44637665152549744,805,565
894,0,VRU,0.37863588333129883,811,561
895,2,Slow,0.5867698192596436,483,671
896,2,Slow,0.6283773183822632,480,674
897,2,Slow,0.46862632036209106,474,677
898,0,VRU,0.3378031551837921,606,698
898,2,Slow,0.3213914632797241,471,679
899,2,Slow,0.3304087519645691,828,467
900,2,Slow,0.4472048580646515,828,468
903,2,Slow,0.3379461169242859,819,472
904,0,VRU,0.6501432657241821,632,683
904,2,Slow,0.35034671425819397,817,474
905,0,VRU,0.6047878265380859,638,679
906,0,VRU,0.41494953632354736,639,677
910,2,Slow,0.34504491090774536,413,710
911,0,VRU,0.3034360110759735,658,663
915,1,Fast,0.5202757716178894,136,988
916,1,Fast,0.7662290930747986,145,982
916,0,VRU,0.3142860233783722,679,652
917,1,Fast,0.7114328742027283,154,977
918,1,Fast,0.8170119524002075,159,973
919,1,Fast,0.8304519653320312,167,968
919,2,Slow,0.39788109064102173,368,735
920,1,Fast,0.38836222887039185,176,963
921,2,Slow,0.46923667192459106,356,741
921,0,VRU,0.3820694088935852,696,640
926,0,VRU,0.5759169459342957,889,505
927,0,VRU,0.6121770143508911,893,504
928,0,VRU,0.707161009311676,895,502
929,0,VRU,0.47017496824264526,896,499
929,0,VRU,0.4172626733779907,763,516
930,0,VRU,0.6144364476203918,761,517
931,0,VRU,0.4362207055091858,758,519
931,0,VRU,0.34190279245376587,753,514
940,1,Fast,0.5695122480392456,319,873
941,1,Fast,0.7836655974388123,322,870
941,0,VRU,0.36166879534721375,920,481
942,1,Fast,0.8101957440376282,327,867
943,1,Fast,0.7681002020835876,336,863
943,0,VRU,0.414518266916275,922,477
944,1,Fast,0.8401463031768799,344,859
944,0,VRU,0.46946588158607483,924,475
945,1,Fast,0.8088400363922119,350,855
946,1,Fast,0.6465055346488953,355,852
946,0,VRU,0.4956839382648468,710,552
949,0,VRU,0.3258917033672333,782,579
950,0,VRU,0.5366354584693909,783,577
950,1,Fast,0.3343604803085327,488,670
951,0,VRU,0.6813889741897583,784,576
952,2,Slow,0.33590513467788696,692,562
955,1,Fast,0.3462810814380646,408,820
956,0,VRU,0.5702088475227356,797,567
956,1,Fast,0.5497714281082153,410,817
956,2,Slow,0.5022575855255127,677,573
956,2,Slow,0.3174569308757782,683,558
957,1,Fast,0.37390372157096863,456,688
958,0,VRU,0.4365331530570984,804,562
959,0,VRU,0.5576728582382202,665,580
959,2,Slow,0.4669913053512573,47,1035
959,0,VRU,0.4173327088356018,806,560
959,1,Fast,0.3163623511791229,429,806
960,2,Slow,0.4336957037448883,59,1028
961,1,Fast,0.5418236255645752,438,699
961,0,VRU,0.37878912687301636,812,555
963,2,Slow,0.7083761096000671,650,589
963,0,VRU,0.4972982704639435,816,553
964,2,Slow,0.7114701867103577,646,591
964,2,Slow,0.5141675472259521,99,1004
964,2,Slow,0.3806888163089752,659,573
965,2,Slow,0.5489214062690735,109,999
966,2,Slow,0.5123380422592163,119,994
966,2,Slow,0.40906333923339844,411,713
967,2,Slow,0.40631619095802307,129,988
968,1,Fast,0.8078143000602722,138,983
968,2,Slow,0.3921838104724884,630,602
969,1,Fast,0.8000537157058716,147,976
969,0,VRU,0.5457385182380676,830,543
969,1,Fast,0.5407400727272034,475,776
969,2,Slow,0.4968467354774475,23,1069
969,2,Slow,0.36067530512809753,626,603
970,1,Fast,0.7689151763916016,157,972
970,2,Slow,0.7298692464828491,623,606
970,0,VRU,0.43734797835350037,833,540
970,2,Slow,0.33728837966918945,637,585
971,1,Fast,0.8432716131210327,167,966
971,2,Slow,0.7366065382957458,618,609
971,0,VRU,0.620394766330719,834,539
971,0,VRU,0.35306042432785034,24,917
972,1,Fast,0.8462531566619873,176,960
972,0,VRU,0.7135579586029053,838,537
972,2,Slow,0.6334618330001831,614,611
972,2,Slow,0.610338032245636,631,588
972,2,Slow,0.3120185136795044,47,1062
973,1,Fast,0.8144445419311523,185,955
973,2,Slow,0.6929675936698914,610,614
973,2,Slow,0.6113253235816956,627,592
973,0,VRU,0.6022927761077881,841,535
974,1,Fast,0.6598353385925293,194,949
974,2,Slow,0.6476539373397827,623,593
974,0,VRU,0.6120573878288269,844,533
974,2,Slow,0.6096380949020386,606,615
975,2,Slow,0.7296830415725708,71,1048
975,2,Slow,0.6363394260406494,620,595
976,2,Slow,0.7502285838127136,79,1044
976,2,Slow,0.466669499874115,615,597
977,1,Fast,0.8675380349159241,220,934
977,2,Slow,0.48182764649391174,611,600
978,1,Fast,0.6685635447502136,228,928
978,2,Slow,0.5221055746078491,606,602
978,2,Slow,0.3235554099082947,588,625
979,1,Fast,0.7528769969940186,237,923
979,2,Slow,0.6110270619392395,585,629
979,2,Slow,0.4436093866825104,605,603
980,1,Fast,0.8994309306144714,245,919
980,2,Slow,0.5626569390296936,580,631
980,2,Slow,0.47698622941970825,601,606
981,1,Fast,0.8729181289672852,253,914
981,2,Slow,0.6390553116798401,575,634
981,2,Slow,0.5226814150810242,115,1020
981,2,Slow,0.48712560534477234,597,608
982,1,Fast,0.8751550316810608,262,909
982,2,Slow,0.6476506590843201,570,637
982,2,Slow,0.4865025579929352,122,1017
983,2,Slow,0.7991234064102173,565,639
983,1,Fast,0.7803739309310913,270,904
984,2,Slow,0.7958399057388306,560,642
984,0,VRU,0.6747553944587708,278,899
984,0,VRU,0.37134766578674316,864,517
985,2,Slow,0.7276508808135986,556,645
986,2,Slow,0.7635316252708435,551,648
987,2,Slow,0.7384688854217529,545,651
988,2,Slow,0.7662755250930786,541,654
989,2,Slow,0.7901240587234497,537,656
989,0,VRU,0.5593958497047424,315,876
989,1,Fast,0.37283337116241455,315,875
989,2,Slow,0.3114115297794342,4,1013
990,1,Fast,0.8470226526260376,322,872
990,2,Slow,0.7071424722671509,531,659
991,2,Slow,0.6264032125473022,527,661
991,1,Fast,0.5737805366516113,329,868
991,0,VRU,0.38145196437835693,329,867
992,1,Fast,0.6543170809745789,336,864
992,2,Slow,0.41703030467033386,522,664
993,1,Fast,0.6785146594047546,343,860
993,2,Slow,0.45688241720199585,516,667
994,2,Slow,0.7574830055236816,511,670
995,1,Fast,0.8834439516067505,357,851
995,1,Fast,0.5815811157226562,506,674
995,2,Slow,0.531391978263855,506,674
995,2,Slow,0.4804060757160187,540,642
996,1,Fast,0.8727424144744873,363,847
996,2,Slow,0.7264858484268188,502,677
996,1,Fast,0.5735030770301819,119,989
997,1,Fast,0.525780439376831,370,843
997,2,Slow,0.3940429091453552,498,679
998,2,Slow,0.7595421671867371,492,683
998,1,Fast,0.40953704714775085,138,979
999,1,Fast,0.7400705814361572,147,974
999,1,Fast,0.6205295324325562,383,836
999,1,Fast,0.6084533929824829,485,685
1000,1,Fast,0.810325026512146,156,968
1000,1,Fast,0.754179835319519,480,688
1001,1,Fast,0.7808198928833008,165,963
1002,1,Fast,0.38623544573783875,470,694
1002,1,Fast,0.36699527502059937,173,959
1003,1,Fast,0.6683934926986694,409,820
1003,2,Slow,0.5802684426307678,265,930
1003,2,Slow,0.3945699632167816,463,698
1003,1,Fast,0.31183570623397827,181,953
1004,2,Slow,0.6543188095092773,458,701
1005,1,Fast,0.8155055642127991,420,813
1005,2,Slow,0.651781439781189,453,704
1005,2,Slow,0.6072763204574585,27,1013
1005,1,Fast,0.30233076214790344,453,704
1006,1,Fast,0.6296999454498291,447,707
1006,1,Fast,0.38985103368759155,425,809
1006,2,Slow,0.3128904402256012,447,707
1007,1,Fast,0.7426325082778931,442,711
1007,1,Fast,0.7352842688560486,215,933
1007,1,Fast,0.3687196373939514,432,806
1008,1,Fast,0.8089784383773804,219,930
1008,1,Fast,0.7875076532363892,436,714
1008,1,Fast,0.48094311356544495,437,802
1009,1,Fast,0.3883932828903198,444,798
1010,1,Fast,0.7756760120391846,237,920
1010,1,Fast,0.30254682898521423,424,719
1011,1,Fast,0.7053687572479248,245,915
1011,2,Slow,0.39842474460601807,314,902
1012,2,Slow,0.4931733310222626,319,898
1012,0,VRU,0.45342233777046204,460,787
1012,1,Fast,0.33473828434944153,253,910
1013,0,VRU,0.74008709192276,466,783
1013,2,Slow,0.5887238383293152,324,895
1014,0,VRU,0.47570762038230896,472,780
1016,1,Fast,0.6116724610328674,482,774
1018,0,VRU,0.7898634672164917,493,767
1019,0,VRU,0.3815564811229706,497,765
1020,1,Fast,0.7031204700469971,503,761
1020,0,VRU,0.3986249566078186,362,871
1021,1,Fast,0.4760565757751465,314,872
1022,1,Fast,0.8292527198791504,321,869
1022,1,Fast,0.8076645731925964,349,763
1022,1,Fast,0.7636586427688599,513,755
1022,2,Slow,0.4332895874977112,417,714
1023,1,Fast,0.8014008402824402,343,766
1023,1,Fast,0.6158444285392761,329,865
1024,1,Fast,0.7900956869125366,337,770
1024,1,Fast,0.7878355383872986,337,861
1025,1,Fast,0.46762046217918396,330,774
1026,2,Slow,0.37315624952316284,531,743
1028,1,Fast,0.6177639365196228,309,786
1029,1,Fast,0.7787559628486633,302,789
1029,1,Fast,0.7305418848991394,545,734
1030,1,Fast,0.693579912185669,551,731
1031,1,Fast,0.43662694096565247,555,729
1035,1,Fast,0.32692280411720276,572,717
1036,1,Fast,0.7603550553321838,410,815
1036,1,Fast,0.7508376240730286,576,714
1037,0,VRU,0.3180365562438965,1059,370
1039,0,VRU,0.3141319155693054,1061,367
1055,2,Slow,0.6049303412437439,86,906
1057,1,Fast,0.5135626792907715,656,659
1058,1,Fast,0.6947392821311951,659,658
1059,1,Fast,0.5366103053092957,663,656
1060,1,Fast,0.5348448157310486,666,653
1075,0,VRU,0.42942994832992554,714,620
1076,2,Slow,0.30738604068756104,48,916
1078,2,Slow,0.31137990951538086,35,925
1079,2,Slow,0.5156556367874146,28,929
1081,2,Slow,0.4978316128253937,15,938
1082,2,Slow,0.47259604930877686,628,697
1083,2,Slow,0.51668381690979,630,695
1084,2,Slow,0.41182655096054077,632,694
1086,2,Slow,0.3303910195827484,641,687
1088,0,VRU,0.6610297560691833,644,645
1088,2,Slow,0.5702123641967773,647,683
1089,0,VRU,0.6370429396629333,645,643
1089,0,VRU,0.45238423347473145,753,592
1089,2,Slow,0.4245242774486542,649,681
1090,0,VRU,0.3757880926132202,755,590
1095,2,Slow,0.5062128305435181,669,668
1096,0,VRU,0.36217939853668213,679,622
1096,2,Slow,0.3215020000934601,671,666
1098,2,Slow,0.37296047806739807,677,662
1099,0,VRU,0.42345988750457764,779,574
1100,0,VRU,0.4932515025138855,782,573
1101,2,Slow,0.3520042598247528,686,657
1101,0,VRU,0.33637872338294983,784,571
1102,2,Slow,0.31410685181617737,690,654
1104,0,VRU,0.3279915153980255,1051,371
1105,0,VRU,0.33054211735725403,793,562
1105,0,VRU,0.3249460756778717,1052,371
1106,0,VRU,0.49712124466896057,795,561
1106,0,VRU,0.3598115146160126,1053,370
1106,0,VRU,0.312960684299469,383,831
1106,1,Fast,0.30027708411216736,108,1020
1107,0,VRU,0.5506389737129211,1054,369
1107,0,VRU,0.4999730587005615,392,824
1107,0,VRU,0.30883049964904785,798,559
1108,1,Fast,0.6573188900947571,125,1008
1108,0,VRU,0.5207780003547668,801,557
1108,0,VRU,0.3799646198749542,1056,368
1109,2,Slow,0.4435597062110901,136,1003
1109,0,VRU,0.3272249400615692,1057,367
1109,0,VRU,0.30478420853614807,802,555
1110,1,Fast,0.4502326250076294,146,996
1110,0,VRU,0.30022940039634705,805,554
1111,0,VRU,0.5526057481765747,1059,365
1112,0,VRU,0.6371904015541077,1060,365
1112,1,Fast,0.44934144616127014,834,472
1112,1,Fast,0.39973384141921997,164,986
1113,1,Fast,0.6912446022033691,172,980
1113,0,VRU,0.5350523591041565,1061,364
1113,1,Fast,0.36936309933662415,831,474
1114,1,Fast,0.8044861555099487,182,974
1114,1,Fast,0.6346349120140076,828,475
1114,0,VRU,0.4938560426235199,1062,363
1115,1,Fast,0.8242716789245605,191,970
1115,1,Fast,0.6469770669937134,826,476
1116,1,Fast,0.8289604187011719,201,963
1116,1,Fast,0.7699519991874695,823,478
1117,1,Fast,0.8513838648796082,209,958
1117,1,Fast,0.7193998098373413,820,481
1118,1,Fast,0.8508408069610596,218,953
1118,1,Fast,0.764345109462738,817,482
1119,1,Fast,0.8194490075111389,225,948
1119,1,Fast,0.5985441207885742,814,483
1119,0,VRU,0.44488751888275146,738,620
1119,2,Slow,0.44070711731910706,10,1028
1120,1,Fast,0.8254361748695374,235,942
1120,1,Fast,0.821327805519104,811,486
1120,2,Slow,0.7844016551971436,16,1021
1120,0,VRU,0.3751092255115509,740,618
1121,1,Fast,0.8491550087928772,242,938
1121,2,Slow,0.761813759803772,22,1016
1121,1,Fast,0.7299696207046509,809,487
1121,2,Slow,0.44201403856277466,742,616
1122,1,Fast,0.8255497813224792,250,933
1122,1,Fast,0.7133557796478271,805,490
1123,1,Fast,0.8454782962799072,258,928
1123,1,Fast,0.7394727468490601,803,491
1123,2,Slow,0.30886000394821167,747,613
1124,1,Fast,0.843840479850769,266,923
1124,1,Fast,0.8121467232704163,800,493
1124,2,Slow,0.5620495080947876,747,611
1124,2,Slow,0.5260322690010071,54,994
1125,1,Fast,0.848447322845459,273,919
1125,1,Fast,0.8047885298728943,797,495
1125,2,Slow,0.6963642239570618,749,609
1125,2,Slow,0.5526396632194519,66,989
1126,1,Fast,0.8216391801834106,282,914
1126,1,Fast,0.70196533203125,795,496
1126,2,Slow,0.6084893345832825,752,607
1127,1,Fast,0.8490377068519592,290,909
1127,2,Slow,0.5176504254341125,90,974
1127,0,VRU,0.3082945644855499,764,580
1128,1,Fast,0.8485520482063293,297,904
1128,2,Slow,0.8105599284172058,101,968
1129,1,Fast,0.8715109825134277,304,900
1129,2,Slow,0.758830189704895,113,961
1129,1,Fast,0.5164932608604431,785,501
1130,1,Fast,0.8882334232330322,311,896
1130,1,Fast,0.4826412498950958,782,504
1131,1,Fast,0.8925647139549255,319,891
1131,1,Fast,0.5379517674446106,780,504
1132,1,Fast,0.8516185283660889,326,886
1132,2,Slow,0.37653490900993347,146,942
1133,1,Fast,0.8725539445877075,333,883
1133,1,Fast,0.652217447757721,774,508
1134,1,Fast,0.8887636065483093,340,878
1134,1,Fast,0.734656035900116,772,510
1134,2,Slow,0.6661515235900879,167,931
1135,1,Fast,0.8123427629470825,347,874
1135,1,Fast,0.7045525908470154,768,511
1135,2,Slow,0.5798960328102112,179,925
1136,1,Fast,0.8565999865531921,353,870
1136,2,Slow,0.3018292784690857,189,918
1137,1,Fast,0.862459123134613,360,866
1137,1,Fast,0.4663642346858978,763,514
1138,1,Fast,0.872043788433075,367,862
1138,1,Fast,0.5741669535636902,760,516
1139,1,Fast,0.8160739541053772,374,858
1140,1,Fast,0.8192991614341736,381,854
1140,1,Fast,0.39392903447151184,232,894
1141,1,Fast,0.854880154132843,387,850
1142,1,Fast,0.7748367190361023,394,845
1143,1,Fast,0.856456995010376,401,842
1144,1,Fast,0.8272475004196167,408,838
1145,1,Fast,0.8716209530830383,413,834
1145,1,Fast,0.45809122920036316,738,531
1146,1,Fast,0.8071578741073608,419,830
1146,1,Fast,0.4628131091594696,735,533
1147,1,Fast,0.8371555805206299,425,826
1147,1,Fast,0.43540605902671814,730,535
